,Customer_ID,Purchase_Date,Cover_Start_Date,LOB,Sale_Flag,Purchase_Price,Claims_Count,Period_of_Cover,Premium,Age,Broker
877,c2721b344db93351d637e6c7f858e883,2023-05-02,2023-10-20,Motor,0,33536,0,12,899,35,london_ins
346,70b273655ee174dc6a92ea3a22f45771,2024-03-12,2024-07-27,Motor,1,29948,0,36,892,55,some_mga
642,866d0e166d05d661e0a45d913c117d40,2024-01-10,2024-05-23,Motor,1,1596,0,24,663,66,some_syndicate
13,7d610c5fd1a348bf2882345c5644e8eb,2023-08-05,2024-03-28,Motor,1,95281,0,36,582,37,london_ins
713,4e19ce10b15b896a15f7e2711474cd59,2023-05-31,2024-03-23,Motor,1,56725,1,12,987,66,some_mga
712,a6a594f70b4041f57f624916fe4d306b,2023-07-03,2024-01-12,Motor,1,62645,1,24,316,77,some_mga
406,555033cb72a55e8024216ae5f688126a,2023-01-29,2023-05-21,Motor,1,14055,1,48,166,47,london_ins
324,79ed2a680483bc2e612e40b82160e4ba,2023-06-21,2023-07-06,Motor,0,75639,0,36,266,57,some_syndicate
31,d54f2150152c29bf4c956fbe7b8259dd,2023-10-12,2024-03-30,Motor,1,43013,1,48,25,35,some_mga
469,0ae4f2259c916c71ac0aa467013bcf1e,2023-07-18,2023-07-23,Motor,0,20413,0,48,858,72,some_mga
435,a87fdf970249a229c67e60e13b4c1b3e,2023-09-26,2023-12-30,Motor,0,9057,0,36,260,36,some_mga
540,88e1e0183a234f44cd415372e303af5c,2023-08-06,2024-01-04,Motor,1,78424,0,12,844,23,some_mga
345,fa3961651a837a2c1041741a8d4be904,2023-01-14,2023-12-02,Motor,1,407,1,24,624,40,some_mga
231,3e56fdb7ddca2dca305ff0e0564a769a,2023-10-09,2024-06-07,Motor,1,25873,1,12,852,65,some_syndicate
609,d480586d9b77aa9ea56a7cf178639f64,2024-02-11,2024-08-13,Motor,0,96455,0,24,453,60,some_syndicate
653,c6818f24149101514e1280efcca8fa98,2023-04-20,2023-05-10,Motor,0,27918,0,12,685,78,london_ins
167,1c0c9ecf7f904c9d8fda7c2acb1c4e45,2024-02-12,2024-06-20,Motor,1,58057,1,48,22,46,london_ins
638,f0c20b8608ff9ec276210ed96852ea64,2023-09-27,2024-03-07,Motor,1,54487,1,48,994,64,some_syndicate
41,f8546922f7505f7a3da272a9f07d66de,2023-01-02,2023-04-24,Motor,1,44188,0,48,104,48,london_ins
129,e70a9828d615b1124c064b92b8bb9c17,2023-08-04,2023-09-12,Motor,0,49666,0,24,648,57,london_ins
977,4111d2650b32347522502d027c6b04d4,2023-05-01,2024-01-07,Motor,1,20086,1,24,836,43,some_mga
190,afe0515e241d8a645a754b1772907fb3,2023-11-26,2024-05-23,Motor,0,70616,0,24,928,48,some_syndicate
874,f5746aadb8fc5f8ca46bbcf2b0efcd87,2023-04-09,2023-09-23,Motor,0,23543,0,12,854,70,some_syndicate
158,284402ee731dd4748bf7b2a44b304049,2024-02-13,2024-07-31,Motor,1,77766,0,24,663,77,some_syndicate
431,dc7f0be72ce58a80ce7a3ca01fdfb7d5,2023-06-06,2024-04-02,Motor,1,72472,0,48,764,25,some_syndicate
328,701dee27e3934f2fdf430dbf9a380212,2023-08-16,2024-06-05,Motor,1,51475,1,24,533,24,london_ins
699,570779b3af4a8923f84bc88b88b8be8d,2023-03-04,2023-08-29,Motor,1,47114,0,24,134,46,some_mga
12,34823c91214cf538d568306af1406dde,2024-01-23,2024-08-26,Motor,0,72459,0,48,471,24,london_ins
59,a982202bd2510b672289740e30bfa6dd,2023-04-13,2023-06-01,Motor,0,43686,0,24,720,59,some_mga
265,3a5095046e8e962613e2ff80f5150de7,2023-01-09,2023-10-23,Motor,1,7890,0,36,69,49,london_ins
25,54b0b4d1bb38b09cf88189e0de1af886,2023-03-01,2023-09-17,Motor,0,12846,0,12,332,56,london_ins
573,d672cd90640280f9fcb0943e6237a747,2024-01-25,2024-06-10,Motor,1,39573,0,24,667,79,london_ins
553,93bda59c1b79c955848e41bdd55da8ca,2023-04-07,2024-01-10,Motor,1,74833,0,12,273,38,london_ins
853,17bf9820ce4913f08835461c4178f23a,2024-02-20,2024-06-22,Motor,0,3941,0,48,507,54,london_ins
706,2974033e09f4340ca1d995813a71640a,2023-08-22,2023-09-17,Motor,0,23269,0,48,228,35,some_syndicate
606,1fc544c836a3e1ed5444fffcbc4e2fe4,2023-01-17,2023-11-26,Motor,1,32519,1,24,130,28,some_mga
525,9b6cb327373584d15c2946b08c7e8ecb,2023-05-14,2024-01-07,Motor,0,85771,0,12,816,37,some_mga
948,68c27ae39eb9a6ca620107575f15780d,2023-07-04,2023-10-20,Motor,0,92866,0,24,947,51,london_ins
80,8c9f3dd153cacde00feec55144ba218c,2023-10-01,2024-02-19,Motor,0,26984,0,12,646,77,some_syndicate
731,a6b73456cebd61ed88ce22f0e20913e1,2023-05-19,2024-05-10,Motor,0,98625,0,24,906,65,some_mga
852,7d7dabdee09e0706bb0859f024108ff9,2023-01-28,2023-07-14,Motor,0,83378,0,24,48,41,london_ins
389,8584e493d68c0041f15dc45af3762c1a,2023-09-26,2024-07-11,Motor,0,5893,0,36,198,61,some_mga
702,f6d2eee2843c267eaf33f6ad27a14428,2023-02-21,2023-03-10,Motor,1,2659,1,48,949,67,london_ins
519,0a840fbf70c0b4c2f37329541cc1781a,2023-09-26,2023-12-23,Motor,1,14143,1,48,527,20,some_mga
920,6b2da2f52f68616c5c380207ab7bf239,2023-02-17,2023-08-15,Motor,1,26918,0,48,214,57,london_ins
550,3ef64a1b8c555bc30684ddb43154ed0e,2023-11-30,2024-01-17,Motor,1,39419,1,48,859,28,london_ins
515,533efd4cdf1e7d88de04f9410d865a72,2023-10-23,2023-12-16,Motor,1,80256,0,36,530,18,some_syndicate
32,751602d9ba8e0959a21535bac14c3068,2023-08-28,2023-12-14,Motor,0,20322,0,24,622,70,london_ins
93,7882aca5c94212bdc4e088119a46c429,2023-01-13,2023-10-12,Motor,0,78890,0,12,449,51,london_ins
118,e36f3945921020b81850daf5fd2f05a6,2024-01-17,2024-05-12,Motor,1,8520,1,24,739,67,some_syndicate
892,ae653ab9a0d0fde640735ed25dad0a30,2023-12-27,2024-02-07,Motor,0,33023,0,24,323,79,london_ins
624,2341ec2043380995c49f270d45f40f9f,2023-10-02,2024-01-03,Motor,1,44397,0,12,567,33,some_mga
338,b7391ab7e67dc4b54c0c0744bd2c67ca,2023-04-08,2023-05-17,Motor,0,69764,0,48,777,24,london_ins
693,d7b35d10555975995379ef26169d4e16,2024-01-24,2024-11-13,Motor,1,5180,1,36,436,21,london_ins
262,b5aaef02bd3902ba93b9109bceee1e4f,2023-10-25,2023-11-06,Motor,0,23179,0,12,439,64,london_ins
309,18f26f954b8b0f5b964a695d4be788ac,2023-08-26,2024-02-11,Motor,0,66753,0,48,552,74,some_syndicate
276,6eddfba5f45f6d27f770c7ca70ff5db6,2024-02-28,2024-09-05,Motor,0,86751,0,12,991,66,some_mga
186,9c1bde215066d1dff72be4c6fe186c81,2023-05-18,2023-06-24,Motor,1,56453,1,48,812,74,some_mga
60,cccdf4930d80bf275192800e2e97f2eb,2024-02-29,2024-06-19,Motor,1,27062,1,12,127,20,some_syndicate
436,35c3687692ceb957c0d17f3194520aeb,2023-08-18,2024-08-01,Motor,1,62816,1,36,716,45,some_syndicate
143,ca189d50b756ef71b49d316b2d94550f,2023-11-18,2024-05-13,Motor,1,85126,0,24,213,19,some_syndicate
315,9eb2c5f0123070aa49795cecef0c7aa8,2024-02-13,2024-10-10,Motor,1,5452,1,36,413,56,london_ins
883,c0d8c278831c049a0c30ea28b7f7ba6e,2024-01-17,2024-12-16,Motor,1,38149,1,36,924,38,some_mga
798,3f272042a457ec9dfdbd6f4dda74f867,2023-05-28,2024-01-23,Motor,0,98780,0,48,105,21,some_syndicate
939,c602568853f39495e4842989791400b7,2023-05-09,2023-12-04,Motor,0,94529,0,48,51,33,some_mga
178,27b696bdf54f8ae58e0b9b254c2e5e06,2024-03-02,2024-08-31,Motor,1,16577,0,24,28,77,some_syndicate
84,8963caf996d2cc13fdd4c80b7613f3ef,2024-01-18,2024-03-09,Motor,1,86268,0,48,145,44,some_mga
117,9b8a0591d41106c2e7b3a7b1238df1a5,2023-06-11,2023-12-27,Motor,1,95046,1,24,433,31,some_mga
627,f38c4535356ceb6305982523912065ca,2023-08-08,2023-08-20,Motor,1,46231,1,36,730,74,london_ins
916,45d48ade528db5847c5b8b9df4076583,2023-04-24,2023-05-31,Motor,1,3908,1,36,503,53,some_mga
817,630351bdb32143b81ea42d2792880fe1,2023-11-09,2024-11-07,Motor,0,57829,0,48,546,52,some_mga
366,8f699e9c59d4edb531721d569f9f2e30,2023-12-15,2024-12-06,Motor,1,5851,1,36,769,52,london_ins
685,a753f37ce5f27eb34b9fa153e3aaed77,2023-12-21,2024-08-01,Motor,0,14478,0,36,561,74,some_mga
471,1a935bb19e7339fbef6aae003c7d5083,2023-09-13,2024-02-26,Motor,1,26537,1,48,567,64,some_mga
496,4e7842a1c0f4dfe55a82eeed818aa7f5,2023-08-17,2024-07-30,Motor,0,4182,0,24,265,44,london_ins
95,5e1da7e4187d5ad7188213bed7d3b0be,2024-01-30,2024-05-23,Motor,0,16132,0,24,493,38,some_mga
481,f970d66d3d76774bb7998b5a1401b85b,2023-03-25,2023-09-27,Motor,1,80734,1,12,213,78,london_ins
216,209d2e30407b0872cc9409d382297ca5,2023-01-02,2023-09-12,Motor,0,12055,0,48,911,35,london_ins
438,fdaf58378c13e6755c539a82eef7ad77,2023-05-25,2023-06-01,Motor,1,7193,1,12,155,29,some_mga
179,f1faaf532d8606cbb82a628e5c195ba1,2023-01-30,2023-05-05,Motor,0,38507,0,36,829,69,some_mga
237,44591700b7ea8b7c39611bf04702fe6c,2023-06-27,2023-07-20,Motor,0,16325,0,12,338,67,london_ins
188,528c3a2012bdd207c944fdfdbda1ca83,2023-02-03,2023-11-08,Motor,0,55963,0,12,621,35,london_ins
213,21d9ac53ec7e8e07939eebef177d9b56,2023-01-06,2023-11-03,Motor,0,92265,0,12,551,22,london_ins
491,a7786b0d6895ff361a71d330cbd45ac4,2023-10-23,2024-04-22,Motor,1,31544,1,12,586,54,some_syndicate
333,04b525da100a5e8246d8fccff3167dfe,2023-11-10,2024-04-15,Motor,1,48201,1,48,272,63,london_ins
631,614a41a0c207e92e04b56d777f52c305,2023-03-16,2023-04-10,Motor,0,69776,0,48,652,22,some_syndicate
189,0b1934472eccb4583dbe49d5016d1d49,2023-04-16,2023-08-04,Motor,0,3695,0,12,476,58,some_mga
21,922b6dee88fa9bed9d28080a2f7d7b5b,2024-02-09,2024-08-30,Motor,0,25231,0,24,194,47,london_ins
442,df11363e5d0a595abf38a008e5690dd8,2024-02-03,2024-04-15,Motor,0,32770,0,12,20,59,some_mga
91,3d6a51a0709e132bbd211addb48ad457,2023-08-01,2024-05-08,Motor,1,5394,0,36,539,58,london_ins
192,c47e7d83b67219d67fb003cbce9a16c6,2023-04-09,2023-10-16,Motor,0,53332,0,24,88,65,london_ins
898,b6507a6c31892a76865dc4f087d64c0f,2023-04-29,2023-11-23,Motor,0,92817,0,12,449,78,some_mga
651,25e54200712207e8001f3df5acb1400e,2023-06-23,2024-02-14,Motor,0,95733,0,48,241,76,some_syndicate
646,cf9b372edfdd2946ea9b70384cd80757,2023-09-07,2024-08-30,Motor,1,57216,1,36,844,41,some_mga
248,17e4c22b6acf2f6e752cc5288705f649,2023-10-18,2024-08-15,Motor,0,43855,0,36,553,62,some_syndicate
529,2cf4c87965be2691f2f36ee1ec139277,2023-11-14,2024-09-13,Motor,0,64325,0,24,714,26,london_ins
537,f3119d7dd74176981e0f6ed5c82bb5bf,2023-08-14,2024-03-03,Motor,1,74998,1,12,452,39,some_mga
715,697e9a21daf9d2652b956fc22bb02951,2023-01-11,2023-04-22,Motor,1,27222,0,36,509,36,some_syndicate
350,43b6b83df3dba868e191b1fe3d10b7b5,2024-02-18,2024-05-29,Motor,0,21132,0,12,851,77,some_mga
803,5e140d956a1591e86119061a5b9d2f7b,2024-01-20,2024-01-27,Motor,0,93822,0,48,850,29,some_mga
275,2be78a1269237cbf741260480c58db74,2023-11-03,2023-12-18,Motor,0,20330,0,12,871,19,some_syndicate
729,8d731d4eece553ccfede4ed3bbab97c2,2024-01-12,2024-12-12,Motor,0,64541,0,36,680,61,some_mga
425,b7ff7fcd1f447a08449f697b5db086f4,2023-04-13,2023-08-02,Motor,0,26127,0,48,959,24,some_mga
620,20f98a3b6d730836724cdbead60278a9,2023-07-28,2023-10-12,Motor,1,57120,1,24,672,79,london_ins
206,6a3f679216a16eba69de15657461818a,2023-01-12,2023-08-15,Motor,1,52930,1,24,209,43,london_ins
396,0cd64df3af0c8324156b2b5452a18819,2024-01-31,2024-07-19,Motor,0,46318,0,36,537,43,some_syndicate
14,35585956ffbd57d2b8c5331e5a92d86e,2023-08-06,2024-07-03,Motor,0,95199,0,12,859,31,london_ins
984,4379575812a2cda393689a5698e65807,2024-01-25,2024-08-06,Motor,0,25311,0,48,386,58,london_ins
116,7deefedf58ea6ad933b138645336f444,2023-05-16,2023-11-18,Motor,1,13804,1,24,180,38,some_syndicate
566,d5e35edf928307878878575157772dc3,2023-08-16,2024-08-15,Motor,1,86513,1,24,476,52,some_mga
3,95e39d62e331b1bc3d06d58dead6c137,2023-06-16,2023-10-31,Motor,0,23547,0,48,346,43,london_ins
839,82a0b99d5f1f7ed98fded0bf1ddc1968,2023-07-25,2024-05-22,Motor,1,83942,0,36,594,59,london_ins
62,03ca5b915ce49f669e4290ad829ce2cd,2023-02-08,2023-03-15,Motor,1,27009,1,12,975,45,some_mga
915,b3f9d199c450110b34c367e2e2bb950b,2023-11-18,2024-01-05,Motor,1,67711,1,12,871,18,some_syndicate
696,c7f49af58d1682d09ae14c2e8a823a56,2023-11-17,2024-06-19,Motor,1,63452,0,48,587,21,some_syndicate
405,f272858e5dffddc051fc85960584dabf,2023-09-14,2024-02-24,Motor,0,49585,0,12,783,66,some_syndicate
797,936b2fb3dbfdb6a7a71d79db2acc6503,2023-06-11,2023-09-24,Motor,0,77222,0,48,299,51,some_mga
796,8685c94ca6173c82b75d0eaa558df7d8,2023-02-22,2023-12-20,Motor,1,25873,1,48,51,36,some_syndicate
450,913b8b910f5b90bfd9595383fe294a09,2024-01-17,2024-02-01,Motor,1,28480,0,48,305,70,london_ins
522,daa937ca2df64cdb9f0980bb97453649,2023-08-14,2024-02-23,Motor,1,37872,1,48,611,31,some_syndicate
756,3e066484665f2142c426ee03955e2d9d,2023-01-07,2023-04-04,Motor,0,90663,0,24,224,21,some_syndicate
691,563394a2805bc7973eaf8641eafafe3c,2023-05-20,2024-02-12,Motor,1,24341,1,24,730,18,london_ins
357,6918841598927f62bc55046551e32a01,2023-10-14,2024-03-29,Motor,1,55541,0,12,634,45,some_syndicate
174,a6f1d0f8e856dbcd84b2e3be6727a991,2023-07-26,2023-12-03,Motor,1,52226,1,48,614,76,some_mga
924,7981cfe6e2c3066e9cace12e7d253767,2023-10-28,2024-02-16,Motor,1,33906,0,12,544,27,london_ins
937,3ae7e506ac182101bb1f595589f436ac,2023-07-09,2023-11-10,Motor,0,8273,0,24,10,57,some_syndicate
659,6c18e145e0e77fe669ac09029b445e04,2023-08-23,2024-04-09,Motor,1,14959,0,48,736,24,some_syndicate
245,6d75ff695c78361bf9c96a0ebee61710,2024-03-02,2025-02-26,Motor,1,25458,0,36,793,27,london_ins
850,0436a342383f8c297387c67ff00e81f2,2023-03-14,2024-01-28,Motor,1,71212,1,24,441,21,some_syndicate
938,da0e9b83e965cfd104779dc147682af0,2023-09-09,2024-01-24,Motor,1,44186,1,48,976,68,london_ins
783,26173ec99e81420b4ae8fc99df4d1f66,2023-03-08,2023-04-29,Motor,0,99022,0,48,274,30,some_syndicate
460,e7e0b41293a5320c3cc90b349fe0fbcc,2023-07-19,2023-11-10,Motor,0,92064,0,48,602,73,some_syndicate
43,58dc6e2882eb23dd4a99251df6115ad3,2023-10-10,2024-03-03,Motor,0,18508,0,12,457,71,some_mga
600,8265d632cd8a3da7311c0ca2587641df,2023-03-22,2023-04-02,Motor,1,39997,0,12,74,63,some_mga
954,4ce72b5b0a9ef72d59f8291fe83f334a,2024-01-06,2024-02-03,Motor,1,155,0,48,266,32,some_syndicate
250,463df55fab068773690e5014d5d68986,2023-09-11,2024-03-23,Motor,1,31167,0,12,81,61,some_syndicate
89,9e379525a2f211e78257224f2fe1ed03,2023-11-09,2024-09-30,Motor,1,63668,0,12,191,53,some_syndicate
46,449641f28e830e4ace4c50f3cb9c23e6,2023-07-31,2023-12-01,Motor,0,49235,0,12,438,52,london_ins
94,39739ed01c2ca0937dda1e5540b9e9a8,2023-10-22,2024-03-02,Motor,0,37098,0,12,516,63,some_mga
7,36025c847cd2972ad890b64d046f7e67,2023-01-18,2023-12-09,Motor,1,40705,0,12,297,67,some_mga
132,d4bcc42402c8354835c306e17904d6f9,2023-03-22,2023-12-28,Motor,0,26087,0,24,615,74,some_mga
592,9ab062bd54c55cb55065327065f5d6d6,2023-01-23,2023-11-04,Motor,1,60050,0,48,50,60,some_mga
688,a2d4af16e1520a3824911e8ce0adc73b,2023-04-20,2023-09-04,Motor,1,5128,1,36,64,27,some_syndicate
510,4ff9efbb42785e936c30cd691f820602,2023-10-26,2024-01-25,Motor,1,49150,1,36,491,57,london_ins
819,c262ca1f8bc3eb488e0494dd57668319,2023-03-02,2024-01-22,Motor,0,45187,0,36,206,72,some_syndicate
980,e4ca3cd35f600cf963fdd3930eb5602c,2023-06-09,2023-12-20,Motor,0,97221,0,12,404,59,some_syndicate
160,5f23a58c2be10004b13d6720309b6a5d,2023-09-12,2024-05-07,Motor,1,70341,0,36,282,80,london_ins
855,75d166df37cf03bf0708d04ab969d022,2023-05-22,2023-08-22,Motor,0,21480,0,36,926,33,london_ins
244,0e3c3582adba115d03833eaf91d4869b,2023-10-12,2024-04-13,Motor,1,39682,1,48,86,40,some_syndicate
267,726f43864c0d8e616bb8da41aca1cbb6,2023-03-27,2023-06-24,Motor,0,879,0,12,884,34,some_syndicate
305,c06212f171b52cfa958883d56b86d228,2023-07-17,2024-06-17,Motor,1,87240,0,12,269,34,some_syndicate
191,d6a95815008ed61437a7e24d4d6f97c3,2023-03-20,2023-03-31,Motor,0,86237,0,48,828,61,london_ins
996,fc7c19337867c5a8915fe652a570e3af,2023-05-11,2023-06-05,Motor,1,85527,0,36,579,65,some_mga
531,b6253e4d9726f6d3335d071cca08d04e,2024-03-07,2025-01-05,Motor,1,60805,1,48,169,65,some_mga
887,5565cb4e5bbfecbe30cd852bc041ae84,2023-09-07,2024-03-18,Motor,0,13639,0,48,899,72,some_syndicate
935,50ca623cca8572dcc46097cebc8d6701,2023-06-15,2023-06-16,Motor,0,41832,0,24,757,44,some_syndicate
949,9bc0e3574893536553d81535450cb5a1,2023-07-08,2024-04-26,Motor,1,25707,0,48,631,67,some_syndicate
968,c31157715dadf1656900167a1ec6ca0c,2023-10-17,2024-07-15,Motor,1,66705,1,12,992,52,some_syndicate
668,2c48d40afd0b6ef669d7b9745965909e,2023-01-05,2023-11-05,Motor,1,74699,1,24,970,49,some_syndicate
922,a1e649136da32b51dfa32455d69695cf,2024-01-06,2024-07-14,Motor,0,11813,0,24,852,39,london_ins
359,6e25cab30e5991a17ce6ccb436b1cdb4,2023-03-23,2024-01-10,Motor,0,90942,0,24,31,75,some_mga
675,02c9b499b5f0f1e08b5593e9ed82650b,2024-03-12,2024-12-09,Motor,0,32155,0,48,740,47,london_ins
503,e43df0c93e056bb88b665b46bdc37cb3,2023-02-15,2024-02-02,Motor,0,3418,0,48,186,46,some_syndicate
169,735910372eb184ba4a805aa00ae0dc3a,2024-03-07,2024-10-20,Motor,1,43042,0,48,415,18,london_ins
754,d01daf7d1435a7a29768ef1719d5ab34,2024-02-25,2024-12-10,Motor,0,72511,0,24,957,46,london_ins
92,67d081151303e392663e5f99c7d988a7,2023-06-25,2023-07-29,Motor,0,56746,0,36,302,45,some_mga
176,b3c381268bc81fccd08e2509913970bb,2023-04-10,2024-02-29,Motor,0,63324,0,12,817,39,some_mga
617,3565ef031b4a3a948cdf8edafe1ab5a4,2023-04-18,2023-10-12,Motor,1,5341,0,48,660,48,london_ins
196,f7f8292ebc19b5d73656d40731b0473e,2023-06-13,2023-12-21,Motor,1,25527,1,36,626,48,some_mga
39,631fa72672dfc703181c9be3023a5d91,2023-09-07,2024-05-24,Motor,1,43585,0,48,25,29,some_syndicate
789,57bae31ab9394cccc33aa9c3dd91650d,2023-04-13,2023-06-01,Motor,1,51325,1,36,588,46,some_syndicate
210,5970d01bee023bbdb49e0da4936654e5,2023-07-17,2024-01-23,Motor,0,227,0,48,439,50,london_ins
327,716582e901aacd045c38b8eb013a48f7,2023-12-02,2024-10-29,Motor,0,24695,0,48,776,38,some_syndicate
427,f009385aacadfe3b110ef4b60ff3b5c9,2023-11-04,2023-12-09,Motor,1,39426,0,36,376,59,some_syndicate
1,8dfeeaacb8eebda09eba322a88cca01f,2023-09-14,2024-09-05,Motor,1,92024,1,48,589,63,some_syndicate
545,ed87ba61bbbb7cbab4a52c8557b2f7da,2024-01-19,2024-02-10,Motor,1,47681,1,36,949,56,some_syndicate
927,65a9fd82e6f14e8fab9d0d7795e5c045,2023-04-07,2023-06-23,Motor,0,21322,0,24,913,58,some_syndicate
498,795256775f6cddb742850de5d0af3152,2023-06-08,2023-08-05,Motor,1,47896,1,48,444,44,some_mga
759,ce99f7eaf192f9e28c9a020e7d94cd22,2023-08-24,2023-12-24,Motor,0,90306,0,48,704,18,london_ins
20,04019ca271d322df37eff2fa21160885,2023-09-14,2023-11-06,Motor,0,84166,0,12,749,31,some_syndicate
163,878b41fa03644b75c6ebccb6df75abe8,2023-07-30,2024-05-07,Motor,1,59704,1,24,212,68,some_mga
973,2959d54487efffe3d5ea179aeb734127,2023-01-18,2023-12-25,Motor,0,26843,0,48,170,65,london_ins
418,7ab8746ca7392299b03a2a6b5b1bc297,2023-03-19,2023-05-10,Motor,0,3862,0,12,143,62,some_syndicate
351,b1ad5701f0bf212726268bca3029ebbb,2024-01-22,2024-06-16,Motor,0,56778,0,36,865,30,some_syndicate
166,944dac380f551c19cf33350a95213597,2023-06-20,2024-04-19,Motor,1,1925,0,36,574,80,some_syndicate
74,610dec70774d63ea9b14f1a3509d9f75,2023-03-16,2023-11-14,Motor,1,61435,1,36,391,50,some_mga
841,1cf5c7df75bb3eb0ad06720e13e15f4e,2023-06-09,2023-09-20,Motor,1,60366,0,24,693,23,some_mga
318,b6ca0d5732e2ff85f05cfb363e5bf816,2024-01-27,2024-05-03,Motor,0,65330,0,12,427,70,london_ins
743,75ddc2e1fbc9d7873557bfc14d604c05,2024-03-07,2024-10-29,Motor,0,27256,0,48,291,26,london_ins
612,79efc78172f2b7da7e0a187d3373d3a9,2023-02-08,2023-10-17,Motor,1,24835,1,24,640,22,some_syndicate
750,8b2ce11964079162c0f504e20cf210fa,2023-09-26,2023-11-18,Motor,1,77994,0,48,847,59,london_ins
484,17bbcb895b2f0134a208fc92f6404a01,2023-10-13,2023-11-13,Motor,1,53301,1,48,917,60,some_syndicate
825,ce88d1cffeac58371c8e91e32a58fc70,2023-05-16,2023-09-07,Motor,0,95022,0,24,16,20,some_syndicate
128,92491bc5a331a65140dc800374917dfd,2023-01-18,2023-09-19,Motor,1,12033,0,24,794,67,london_ins
34,1f8e33f1e20bd6ee2f1eee03ead6947d,2023-07-27,2023-10-27,Motor,0,42478,0,36,959,20,london_ins
68,014069050458fa76cd0bd2c09b5693a9,2024-01-15,2024-09-11,Motor,1,78058,0,24,823,58,some_syndicate
848,4db48902e1d053e29da871963cc657d6,2024-03-15,2024-07-09,Motor,1,74560,0,24,354,67,some_syndicate
149,30314f972f2c98b1aa034a879072cf7b,2024-01-13,2024-01-26,Motor,0,98297,0,12,604,30,london_ins
835,40a2b1374289373039ecbd481ed62a70,2023-02-16,2024-01-25,Motor,1,76938,0,24,508,25,some_syndicate
863,c5efa90a14a79910be581ce6cbe05a5a,2023-08-19,2023-10-16,Motor,1,80115,0,36,760,55,some_mga
463,a7405a076aac93bb06787a576b0f0d06,2023-11-25,2024-02-14,Motor,1,47527,0,36,242,45,some_mga
634,35588c57667012a2d1bf261bf58178aa,2023-06-10,2024-03-31,Motor,1,46196,0,48,629,64,some_syndicate
897,cac2ce8ddac1f7f49ab73887afcf6edd,2023-09-07,2024-01-14,Motor,1,50361,1,12,439,38,london_ins
777,e328b68bf371649083e3d59d33d83a55,2024-01-07,2024-03-21,Motor,0,6600,0,12,106,38,london_ins
75,004ca11fe9f8adb0a2cc3ab76d53ef42,2023-09-12,2024-03-15,Motor,1,67097,1,24,186,68,some_mga
560,47fc4ee497960f07fcd60f2c0064958b,2024-01-15,2024-03-03,Motor,1,71868,0,36,939,43,london_ins
281,a9ffa23f00dde088ebc0b6ab170c7b49,2023-07-14,2024-07-06,Motor,0,47900,0,24,532,57,some_mga
295,13774968411aad084b4be6e725f8fbe0,2023-09-17,2023-11-28,Motor,0,99029,0,36,130,21,london_ins
517,9691a7f43177a76dab1b465e44724d7a,2023-07-24,2023-11-29,Motor,1,65124,0,12,326,40,london_ins
260,e92b7895a66bc7f8b7621643f74f6cbf,2023-12-25,2024-05-18,Motor,0,29749,0,36,946,40,london_ins
957,9ab2df36c2cffa4ddb5fa5c100ed1da3,2023-12-31,2024-10-11,Motor,1,69182,1,36,320,34,some_syndicate
857,8b99aa5761a75f8a055db84914f35e79,2023-05-12,2023-12-30,Motor,1,34289,1,48,929,29,some_mga
969,92c890a030b8548bf2ebe38e40f534b9,2023-01-21,2023-08-14,Motor,1,70126,0,24,870,33,some_syndicate
800,a22f9b4ca2e19c4e94bf0a7b6c2c8acf,2024-02-11,2024-05-16,Motor,1,73843,0,12,253,45,some_syndicate
735,dc7e9fb58ca01cfd1a41a748bdd63e16,2023-10-17,2024-07-24,Motor,0,22086,0,24,426,63,some_syndicate
709,2362d21de7bdc384348ffe39a3d73c36,2023-08-19,2023-11-06,Motor,1,95616,1,48,791,38,some_syndicate
342,dfe39f483ff37f803987d9e78e24ea0e,2024-02-27,2024-09-30,Motor,0,78488,0,24,482,71,london_ins
539,22d4501a0a8f802952888fed8eb0274c,2023-08-31,2024-01-08,Motor,1,81928,0,48,302,74,some_syndicate
288,6ddc41f01b7f55138f1b03b25c9ddc47,2023-07-05,2023-07-25,Motor,0,86501,0,12,683,79,some_syndicate
243,00e087792efa7e197a17f7f4acc6fcfe,2024-03-08,2025-02-12,Motor,1,58587,0,12,494,35,some_mga
951,583c790b946cfe9e5f560cbb7106420a,2023-01-24,2023-06-25,Motor,0,53786,0,12,147,49,london_ins
933,67728af0297a3f8dae069e5d9dbc8f74,2023-01-07,2023-05-20,Motor,1,62857,1,12,674,52,some_mga
368,fb87171404e31d89c0c7573fbc2f9961,2023-04-08,2023-08-23,Motor,0,15012,0,24,424,42,some_mga
417,563bee079110fae53c6ddb334668786c,2024-02-20,2024-12-16,Motor,1,24765,1,48,176,20,london_ins
208,e1e46e33de5989ecfccd1a9228b2a10f,2023-02-12,2023-06-29,Motor,0,40959,0,12,353,51,london_ins
737,c5497da33fe2fd4582a4ed940391384a,2024-01-23,2024-12-13,Motor,1,75075,0,12,76,64,some_mga
535,237cec91f63070e65403cd4fa1bcc62b,2023-12-12,2024-01-11,Motor,0,11989,0,12,877,42,london_ins
960,2fab83fa5c67f78d741fff2d696f359c,2023-07-20,2023-09-03,Motor,1,43088,1,24,689,68,some_mga
98,2c10fd1d460c1fd1029c0d8a3b808b4d,2023-11-18,2024-02-07,Motor,1,49062,1,36,194,44,some_syndicate
932,3d83801768fb00afbfc28115e3f904c3,2024-02-25,2024-11-20,Motor,0,48504,0,48,643,50,some_syndicate
378,a86ff34ce5ca1769e8f388acd8062345,2024-01-27,2024-09-19,Motor,1,16285,0,36,961,20,london_ins
397,313afcb9114681df96e6bd7135156494,2024-01-10,2024-04-27,Motor,1,21341,1,24,63,76,some_mga
373,b1af41e768847b231c88b9279d87c7d0,2023-05-10,2023-06-06,Motor,0,39720,0,12,730,46,some_syndicate
795,ebd90c5403bdd53f1f2e2c64ff814751,2023-11-03,2024-07-26,Motor,0,51529,0,12,989,67,some_syndicate
273,a9cf65c2a79d06cb10b580ee6ed5d32f,2023-11-13,2024-04-23,Motor,1,56087,0,36,508,37,some_syndicate
33,ee4742c8e3f6ebf32831df4768ae454e,2023-04-23,2023-07-07,Motor,1,38205,0,48,234,73,some_syndicate
879,0f80fe059709f126d495bf5b209b00ae,2023-05-03,2023-05-16,Motor,0,72066,0,36,679,60,london_ins
506,6b1b78eb7a003a1c2a6ba20897f83924,2023-09-25,2024-02-25,Motor,1,47157,0,12,821,58,some_mga
458,9c1e78ee4469edeeb6496199a9d2b79d,2023-08-06,2024-05-04,Motor,0,38413,0,36,522,57,some_syndicate
28,227663d3d822d0bdeeb8d9ee1999900a,2023-06-27,2024-05-18,Motor,0,82140,0,12,178,77,london_ins
61,431fece2bcd7fd423aec86459b9131ed,2023-11-07,2024-10-14,Motor,0,67149,0,48,937,27,london_ins
988,01ff566a5335db2bb4c086709ff10079,2023-04-30,2024-01-22,Motor,0,68344,0,24,432,58,some_mga
482,cded2eab1fbb96f33ab7cf3f300d9f3d,2023-01-28,2023-08-15,Motor,0,56612,0,12,907,69,london_ins
995,4974ee728fd5e6cff83b3f26c9103ac2,2024-02-12,2024-11-25,Motor,0,71779,0,12,974,38,some_syndicate
579,5a0e8e9303486a6fc77fa7b584d3b75f,2023-08-16,2024-05-31,Motor,0,38992,0,36,154,63,london_ins
677,69f4cc092909ae9bcf98651e6e537ca6,2023-11-09,2024-05-20,Motor,0,23711,0,12,608,53,some_mga
441,2d0e4b45dc38d15e27ab25921cef9dd5,2023-12-10,2024-09-02,Motor,1,43338,1,12,56,43,london_ins
827,383af801ceb835ee530ab284be6a8d83,2023-05-20,2023-10-17,Motor,0,62398,0,12,178,28,london_ins
730,35ee7406ab929da5087100c3d65f7af9,2024-03-06,2024-10-20,Motor,0,80916,0,36,662,65,some_mga
649,a035dcfad267c05674404dd3247e92eb,2023-02-20,2024-02-07,Motor,0,4506,0,48,970,55,some_syndicate
480,69f65e8780874b8a61cd7836a0f16a89,2024-01-26,2024-02-21,Motor,0,19173,0,12,405,75,some_syndicate
453,edeb0f2ac7828a0c92e02e86d0514f9c,2023-05-15,2024-05-03,Motor,1,88508,0,36,268,26,london_ins
141,4358fb8c29a48a646bf197a55ca457ab,2023-09-28,2024-02-28,Motor,0,71383,0,48,856,56,london_ins
410,15d735d0baa1d78c2abc4ab4790b295a,2023-11-16,2024-03-14,Motor,0,62386,0,48,263,70,some_syndicate
87,ca3e7b01a13177494aa97a48298d2a3c,2023-04-15,2024-04-13,Motor,0,59233,0,36,646,43,london_ins
308,6646d065241259afceb9609fa8b2e653,2023-04-26,2023-09-23,Motor,1,33633,1,24,713,42,some_mga
429,221705ee0d8eab0a6c38b5a3da9f55d8,2023-05-25,2023-09-07,Motor,0,1578,0,36,575,46,some_mga
51,23612bc3607ebdd261f12e48dc53b710,2023-09-27,2024-03-09,Motor,1,91996,1,12,720,61,some_syndicate
504,3b71137e7c58fd7548dcabe41b05c96e,2023-04-18,2024-02-02,Motor,0,38751,0,36,14,60,london_ins
870,16ae3b950e95f7785839b0231e5da181,2024-03-12,2024-06-20,Motor,0,94102,0,12,625,65,london_ins
432,a4035204ffab92fd2871c6b68ff68c3b,2024-01-23,2024-05-07,Motor,0,82702,0,24,943,23,some_mga
923,2c4fdcfd593ebdca1fad4649bf3b2eea,2023-05-31,2023-09-25,Motor,0,58209,0,12,286,28,some_syndicate
26,31b596fb3f77c34ba731b9dba2730a1f,2023-03-22,2023-06-17,Motor,1,25651,1,48,776,56,london_ins
808,83cd6d89ed8154afb2e19aa1983d8669,2023-12-18,2023-12-26,Motor,0,20229,0,24,284,35,london_ins
134,f8bb5b07574d4f1ab3f02232c576dcaa,2023-12-22,2024-01-14,Motor,1,64769,0,48,541,23,london_ins
148,82947dddff9f0ced5b0b0949286c3757,2023-01-30,2023-03-25,Motor,1,23564,0,36,128,47,some_mga
323,fc52fe60f889e4041224076cbb3a09bb,2023-06-27,2023-11-11,Motor,0,80362,0,12,903,37,some_syndicate
468,08cbfe00ae95744254764eea37bb13f8,2023-12-10,2024-06-18,Motor,1,50015,1,12,304,29,some_syndicate
363,60b6a8e1e254680a300229c2df119dce,2023-08-23,2023-11-23,Motor,1,42134,1,24,211,49,some_mga
193,1bf272a60b7dcce8686acd222f28f000,2023-10-21,2024-02-15,Motor,1,73898,0,12,14,75,some_mga
171,2de016cb06f2ea896681ea18de644693,2023-08-26,2024-07-17,Motor,0,39277,0,48,702,34,some_syndicate
284,67d6425c233c493ae17fb937f60b56ef,2023-11-26,2024-11-12,Motor,1,90305,0,36,336,55,some_syndicate
272,101619233ac98404192a6e8ec06388ea,2023-04-24,2023-06-01,Motor,0,47590,0,36,724,36,some_mga
622,1e0031fde09269ba99c765e3f0523d63,2023-12-07,2024-08-16,Motor,0,62694,0,48,849,19,london_ins
379,385cd3b67169f0d83da541df1e7e549c,2023-11-04,2024-10-01,Motor,1,44154,0,36,43,35,london_ins
893,a860704cde48df6456800a5c8ddc494a,2024-02-23,2024-12-01,Motor,1,51164,0,36,661,61,some_mga
225,3a0904e49cd5f70e8c3afd24522217ce,2023-05-02,2023-05-12,Motor,0,51483,0,36,815,77,london_ins
720,db6166bdeac2e419321485413a0f70b7,2023-06-12,2023-07-20,Motor,0,24821,0,12,987,29,some_mga
818,e6fdad45babb987a620c38c7b4198a4a,2023-04-23,2024-04-11,Motor,1,86846,1,48,60,20,some_mga
943,cba2ab2a90471a2e5abcb82939611a5a,2023-01-08,2023-11-05,Motor,0,22905,0,48,350,40,some_syndicate
616,cdc93187457ad4244fa7ab8ead57b8bc,2023-02-10,2023-06-06,Motor,0,79854,0,48,970,35,some_mga
594,8ae1747f9183fc5ccb4834fb014c8226,2023-06-01,2023-11-15,Motor,0,37378,0,12,216,27,london_ins
63,f18484419e3833817c7500ece75b3ec0,2023-12-30,2024-11-27,Motor,0,65487,0,48,846,52,london_ins
794,f3e890aea8d725ecc544202539b94dfe,2023-07-30,2023-11-12,Motor,0,1072,0,12,550,25,some_mga
604,11a5de7074f1720b82f5003c941d3c37,2023-06-17,2024-01-08,Motor,0,95466,0,48,444,66,some_mga
692,7487609bafeeea3912a97993736864be,2023-06-09,2024-05-06,Motor,0,97228,0,12,241,66,some_mga
876,65545a3b0df37193bfb8893aa46f1c7d,2023-04-04,2023-11-04,Motor,0,82357,0,12,549,62,some_mga
393,d81864e3a4305a755faa04bde87fcd48,2023-11-14,2024-10-05,Motor,0,35841,0,48,641,71,london_ins
963,7b48e9dc8baaa8e8dc962870c2083200,2023-11-16,2024-09-02,Motor,1,36002,0,36,973,64,london_ins
372,1a8f482b4156af08622e987116e8bb6b,2023-07-28,2024-06-17,Motor,1,98453,1,24,119,78,some_syndicate
521,36752a89ededed5b37454f1831af4dd1,2023-07-18,2024-02-12,Motor,0,37359,0,12,517,45,some_syndicate
381,4128acd01abb57aacafef48c90b68845,2023-02-21,2023-10-16,Motor,1,70642,0,12,816,24,some_mga
584,5e79606d018471d02fbb7e6bf0917544,2023-07-01,2024-04-19,Motor,0,1158,0,36,273,76,some_syndicate
291,70a940c9bfdfe28fcd8d185358eb6495,2023-11-02,2023-11-11,Motor,1,83683,1,12,763,65,london_ins
971,fe5bc3d79b6d3268eb08ff04cc3bcac3,2023-12-23,2024-10-31,Motor,0,56525,0,36,309,30,london_ins
494,1582cad929ad583f2254000d11f73dd4,2023-08-01,2023-09-09,Motor,1,47646,0,36,572,41,london_ins
81,ce0821a21b48053635ac7fc9e1421fa2,2023-05-22,2024-01-08,Motor,0,29283,0,36,481,60,some_mga
57,e63890c19c981f3f78bc86ff8a581d7f,2023-11-20,2023-12-14,Motor,1,55050,1,24,354,62,some_mga
0,4b7ba946599f397ef6a688b657e8509f,2023-02-21,2023-10-07,Motor,0,16341,0,24,40,56,some_syndicate
99,4c1bcc52144a6e23d5b026905b5e6a8d,2023-05-29,2023-06-24,Motor,0,46882,0,24,932,55,some_mga
728,7631d5cd532bdd95d054759756f21e10,2023-12-22,2024-03-23,Motor,0,64318,0,24,74,74,london_ins
330,bba76417a4fa47bd92b568ceb284fbd3,2023-02-24,2023-03-27,Motor,0,13795,0,48,135,26,some_syndicate
304,bfdb14e87753b2ab21aea3bdd1b5475d,2023-08-08,2024-07-30,Motor,1,48892,0,24,11,18,some_mga
990,10d95cd7e95702d238518ced16beb291,2024-02-10,2024-07-04,Motor,1,86156,1,36,947,52,some_syndicate
287,dbdda90e8a94a70a5cafe09c883cbf2b,2023-09-03,2023-10-24,Motor,1,14716,1,12,229,18,london_ins
52,a445b61dd08f1e104fe3590baa310824,2023-04-13,2024-02-07,Motor,0,38236,0,24,505,30,london_ins
565,074cff385d5a2a20789d47982056b183,2023-09-16,2024-05-30,Motor,0,26087,0,36,926,43,some_syndicate
37,6100d6fff4aba8eb51ab7719c3a8d3e9,2023-04-13,2023-10-18,Motor,1,58195,0,48,565,59,some_syndicate
17,22229cba8a6bd9f639e98d05251ab2cc,2023-10-13,2024-08-19,Motor,1,50299,0,12,569,43,some_syndicate
343,edd4630ea1693e3bcfae43ec759c8b88,2023-11-27,2023-12-08,Motor,1,39596,1,48,674,73,some_mga
903,7c5ff827c01e245fe89e851eec04b1d8,2024-02-17,2024-04-26,Motor,0,51547,0,36,594,71,some_syndicate
772,273410ac02ffd8acb46fead7e2a3ee3e,2023-05-13,2023-12-03,Motor,1,60342,0,24,314,26,some_syndicate
54,ad36001227720797b2a2927f559da8dc,2024-03-12,2024-05-25,Motor,1,84756,0,24,649,27,some_syndicate
316,7828fef79bb14308dc64f37aee0c10c3,2023-08-26,2023-11-30,Motor,0,50295,0,36,889,39,london_ins
711,5aeae0fe258cb978c9cf9535e862da77,2024-02-15,2024-07-01,Motor,0,41806,0,48,815,65,london_ins
230,4101168605946931fe85d0de026434ef,2023-09-17,2023-11-01,Motor,1,84426,0,36,391,55,london_ins
849,1e8aaa474af21b88ea22c3c9d6eeada5,2024-03-14,2024-04-14,Motor,0,81636,0,12,455,20,some_mga
165,63901ed250dde29b001b5b81ff3e17c4,2023-11-19,2024-04-04,Motor,1,68437,0,36,781,57,some_mga
321,6e8aa172b03599a367fd536acdd2471b,2023-05-01,2023-06-15,Motor,1,8627,0,12,59,56,london_ins
420,75b7b35f05c77a5f0d1d6cfa3448b2ba,2023-08-05,2024-06-29,Motor,0,99448,0,12,928,63,some_syndicate
238,76d191ef26cc3bf939f7d71001027584,2023-11-06,2024-08-04,Motor,1,51103,1,36,858,55,some_syndicate
367,516b42167bdad42f188fe0df0ae084b4,2023-07-05,2024-05-29,Motor,0,78909,0,36,652,39,some_syndicate
618,4dd8795f2b1636a9c1c8d6ae6123870b,2023-04-24,2023-10-13,Motor,0,5022,0,24,522,22,some_mga
229,936184d191d431f6e7f7fd66ceef6629,2023-09-16,2024-03-01,Motor,1,58127,0,12,446,78,london_ins
613,193f369fc5287942d1d5cf4a4561965d,2023-09-24,2024-07-22,Motor,1,21315,1,36,553,78,some_mga
310,010ebe835ae7dc0fbe17d770e1d286f3,2023-04-22,2024-01-19,Motor,0,55810,0,36,500,51,some_syndicate
53,851301287f68b9512c9d7a4d202754ca,2023-10-02,2023-11-23,Motor,0,46954,0,24,411,74,london_ins
212,5afd4ff7549120a9c48bb262eb6c373d,2023-05-08,2024-02-15,Motor,1,9480,1,12,973,39,some_mga
122,ba9664b97477041af6caca990b0d05d6,2023-02-22,2023-08-08,Motor,0,13522,0,24,543,29,some_mga
520,dae07e37d6a40325a88aa3f52f20fe31,2024-01-03,2024-06-10,Motor,0,29125,0,36,637,64,some_mga
597,289cf261ccb2b0d9601ee05102c0b506,2023-07-30,2023-09-18,Motor,0,47637,0,48,569,18,some_syndicate
249,4061a2c628eff37fee2fd8751bfb4c5b,2023-05-12,2024-05-06,Motor,1,54046,0,48,246,56,some_syndicate
119,039e93e5968a4a30e34887a8c0210008,2023-10-01,2023-11-01,Motor,0,40675,0,48,678,75,london_ins
209,d405aea44b0831ce723602e6cafd0367,2023-10-17,2024-05-13,Motor,1,7721,0,24,318,72,london_ins
4,5287eebf42191059fcc98d195884e8f9,2023-05-05,2023-08-09,Motor,0,68590,0,24,771,47,some_syndicate
437,11ada892c61f0149081f1232615635d5,2023-01-09,2023-08-14,Motor,0,65450,0,24,94,78,some_mga
572,20fa0068718ce733d2f10615e31a2062,2023-01-03,2023-05-07,Motor,0,35413,0,48,206,42,london_ins
558,67a0066bcb39dd98051ed7651d1ecdab,2023-07-09,2023-11-03,Motor,1,70526,0,36,367,46,london_ins
536,3a9256acfe25cc0ad1bd76e43ebfc86a,2023-04-21,2024-03-12,Motor,0,25658,0,24,297,57,london_ins
147,770f286f1078c6fccfd77f0ee4679a40,2023-03-12,2023-08-30,Motor,0,81934,0,24,963,55,some_syndicate
773,41cbea3b59b873fe06f3c4d154a0d9ef,2023-07-03,2023-11-25,Motor,1,86505,1,36,976,57,london_ins
644,ed0ed7aabb829063f8a684d173d96415,2023-02-26,2023-12-05,Motor,0,49382,0,48,693,23,some_syndicate
198,3f0000552190108359c2036b12604dac,2023-12-28,2024-07-26,Motor,1,53210,0,12,60,70,some_syndicate
994,a22ece03e1e6e7893793d828738e8fa8,2024-01-22,2024-12-29,Motor,0,71014,0,24,663,27,some_syndicate
838,c526bb5da50ba65b022a65593d7de9f7,2023-07-29,2023-11-06,Motor,0,73802,0,36,484,31,some_mga
312,7355a9eb372da570d469d524bf3f5e18,2023-11-06,2024-05-17,Motor,0,64951,0,36,695,20,london_ins
164,44c6b8aaae88fde07fc4a1d6d0667e5f,2023-09-16,2024-07-16,Motor,1,46682,1,36,99,30,some_mga
204,a9f0808cbfd4aa58ac2affeb07c93d5d,2023-09-16,2024-04-03,Motor,1,78714,0,12,764,31,london_ins
936,f0fc8d190e26e34072239266f9f6b919,2023-05-10,2023-12-11,Motor,1,92091,0,48,274,54,some_syndicate
637,d294d33e6a8fd23df660a091d3749bf3,2023-04-29,2023-06-06,Motor,1,32172,0,24,10,51,some_syndicate
489,947ec085e79e007157e8c6eb07781cde,2023-02-12,2023-08-18,Motor,0,93749,0,12,143,21,some_syndicate
222,6a6cbf945e64a7b7762c04da38319202,2023-01-03,2023-09-09,Motor,0,47805,0,48,355,37,london_ins
673,63200b0c980e9553ce593905038974f0,2023-07-04,2023-12-01,Motor,0,19348,0,36,491,57,london_ins
858,fe9b03506bc84e5a560fa15cdcdfc156,2023-07-24,2024-03-24,Motor,1,42867,1,36,148,68,some_mga
67,abfa7d3d1a812f5d1d1fd63d39ce690f,2024-01-25,2024-05-09,Motor,1,57093,1,48,655,62,some_syndicate
347,2c6101d87b9770cbd88b4e273894b962,2023-06-15,2023-12-25,Motor,1,96604,0,24,906,79,some_syndicate
242,e1859c37049b39c545856cfb227d67a9,2023-06-06,2023-11-11,Motor,0,68028,0,12,794,56,some_syndicate
395,608e38215526aab66cf57544925c81fa,2024-03-10,2024-05-22,Motor,1,90709,0,12,942,33,some_syndicate
199,9d379a6c5be34aa08409c1b0000e1954,2023-05-14,2023-06-14,Motor,1,52645,1,48,125,38,some_mga
110,38a1c6e9554577d20c7d9759cd7d05a4,2024-02-14,2024-09-17,Motor,1,56608,0,48,813,69,some_syndicate
791,54daf060b97cbbb11fd5771d0ab9c6d2,2023-04-29,2024-04-05,Motor,0,62146,0,36,356,26,some_syndicate
725,3763ac1afea600e6a1ccec51d913634e,2023-09-28,2023-11-29,Motor,1,35007,1,36,722,80,london_ins
382,f2ce24b4723e610843ce972bd3eadeef,2023-04-28,2024-03-04,Motor,1,21017,1,12,979,69,some_mga
470,c9b8ead55da106b8140a696ab63c3a34,2024-01-14,2024-12-22,Motor,1,86361,1,12,423,39,some_syndicate
207,654289d32123c21c9940dff9d0d396d6,2023-06-05,2023-10-07,Motor,1,40640,1,48,535,57,london_ins
632,8447489e3d8e5f8e75e1a2b772564b81,2023-08-02,2023-10-30,Motor,0,85527,0,36,880,44,london_ins
478,332c3857a77b6aee60bcbfaccfe5e251,2023-04-13,2023-11-18,Motor,1,72173,0,48,906,75,london_ins
746,9c5bce18648c42cff239b30360467e55,2024-01-29,2024-09-22,Motor,0,9140,0,24,627,28,london_ins
223,d62b9fd26b87cabeb82ecec0decf09f5,2023-09-09,2024-07-17,Motor,0,49846,0,48,949,67,some_mga
125,552921699867c80d3349308745402c1e,2023-01-17,2023-04-19,Motor,0,75892,0,36,182,46,london_ins
289,bf15256c63e40700c5ba8b4c4ba6bef6,2023-05-07,2023-06-24,Motor,0,49132,0,36,509,29,london_ins
831,58dd2dc7113b82c64ea665d5c33d117d,2023-08-04,2024-03-22,Motor,1,59745,1,48,717,31,some_syndicate
533,65bab6184d726d9ef6a87db2b4b49f23,2024-02-03,2024-08-29,Motor,0,38745,0,12,81,76,some_mga
486,3d6fbfeb7e8c264c6d11ad913e92dd70,2023-02-06,2023-06-08,Motor,1,43974,0,24,225,68,some_syndicate
682,bde793af717cdad7edb7fb383c923b3e,2024-03-03,2024-11-16,Motor,0,522,0,12,493,43,some_mga
221,af8e612d90deb8743a28ac87b49610db,2023-03-05,2023-08-04,Motor,1,62102,0,48,652,42,london_ins
704,34b52ecd09c76f8f918b3afeecb4bd96,2023-03-10,2023-04-10,Motor,0,17310,0,48,917,77,some_syndicate
404,bdeae891c944d6cf840fac2d8d3b47ad,2023-06-13,2024-02-28,Motor,1,13585,1,12,547,74,some_mga
862,e530afacc9ea86cb3f6c1bfb4fa45134,2023-10-25,2024-08-01,Motor,1,6543,0,36,165,75,some_syndicate
279,dd41ee3128cfafbfcb45a1935b156549,2023-12-08,2024-09-15,Motor,0,29449,0,24,861,43,some_mga
508,86408e26e4baa0255f7d17a38980e94d,2023-02-02,2023-07-29,Motor,1,18723,0,48,77,66,some_syndicate
375,4431520721d39bb476878e68d265069e,2023-12-15,2024-03-03,Motor,0,20922,0,12,709,54,some_mga
296,048fea2b2419344270269fd9a1353b41,2023-05-09,2024-04-05,Motor,0,52469,0,48,297,33,some_syndicate
640,5b6d55141e31fbc0f78d7465316f13b2,2023-08-26,2023-10-10,Motor,1,40899,0,36,380,29,some_syndicate
899,0e71dbd496804f9afa18f67a3ae796ac,2023-02-16,2023-10-01,Motor,0,9978,0,36,165,77,some_mga
358,b4d9714fb8780919567b3bf0fe8565a6,2023-10-12,2024-03-24,Motor,0,23332,0,12,366,71,some_mga
639,feea5c7c7e0337a1fc2ec1da593e0d52,2023-12-29,2024-09-25,Motor,1,4864,1,24,400,51,some_syndicate
277,199480e86511d0b4d0af9199c3157538,2023-07-21,2023-12-02,Motor,0,68888,0,48,121,49,london_ins
274,7e1b1a4493dce006104aca9897cec5f8,2023-01-28,2023-10-26,Motor,1,15956,0,12,207,21,some_syndicate
738,cd04b6544bfbd17bd5e5ce8e6ee211ac,2023-08-08,2023-09-04,Motor,0,61976,0,36,763,42,london_ins
776,d4dac7cfa3a522dc1bae4cea158af1f6,2023-01-21,2023-05-24,Motor,0,9118,0,24,856,35,london_ins
555,966abe97608d8de7b7d801d98b298d08,2023-10-12,2024-04-08,Motor,0,62982,0,12,897,63,some_mga
982,64dfe37061cfcea86a54806f20e72c94,2023-06-19,2023-12-13,Motor,0,31860,0,48,265,77,some_mga
105,29477a521badbd2efcb34743770d9e11,2023-10-20,2024-09-27,Motor,1,76818,0,24,541,79,some_syndicate
101,e3a525fa9134872d5c8dadff79029d1e,2023-09-11,2024-04-29,Motor,0,67477,0,48,685,21,some_mga
72,f786627db0faf276540e24ee6c687aa5,2023-09-16,2024-04-20,Motor,0,32137,0,48,309,54,some_mga
826,99e1ca8b80683b012c8928f201096154,2023-06-03,2023-12-30,Motor,1,59475,1,24,544,23,london_ins
694,f8832309485686cc8deacf5316f120fa,2023-01-24,2023-05-07,Motor,1,66885,0,12,68,38,some_syndicate
317,f4b2d0c8676294dd67f5a4f95dd44fd6,2023-11-25,2024-08-09,Motor,0,46290,0,48,472,64,some_mga
926,7edc4bf204786fa8bac92653e5c45154,2023-03-12,2023-09-19,Motor,1,41591,0,36,881,75,london_ins
85,c241d0c229dcbac8b1e191417a0c31dd,2024-02-14,2024-02-29,Motor,0,11864,0,36,185,43,london_ins
766,6b95c0dd39cef4cd0b7b256af72d2d63,2023-01-29,2023-09-12,Motor,0,94651,0,12,979,30,some_syndicate
543,024e1f5807268b5fb975025eeb795cee,2023-10-29,2024-04-28,Motor,0,27897,0,24,41,51,london_ins
671,7f696b8c9e16002a14396116acde74ce,2024-02-22,2025-01-26,Motor,0,67515,0,12,470,28,london_ins
601,fb143be6e7354eee1ab2a937db646b76,2023-12-19,2024-03-18,Motor,0,46847,0,12,461,58,london_ins
752,4def9c06247f63c66102923daf8481b1,2023-03-27,2023-06-08,Motor,0,72434,0,36,646,40,some_mga
663,83d1038f6337298abb484038220346fc,2024-01-29,2025-01-19,Motor,1,53498,1,36,697,24,london_ins
901,1f0b394c9efed279749f8ec2a29e9ba7,2023-01-03,2023-11-25,Motor,1,89961,1,24,202,55,london_ins
763,9d2edb12a317486bbb6039cd7415631f,2023-01-13,2023-03-29,Motor,1,19254,1,24,428,27,london_ins
90,04df65fa885f13a382d8b198f35c2dd0,2023-03-22,2023-06-15,Motor,1,23014,1,12,782,44,some_mga
241,39cca3ee8d2ec4c21e9e7a7d17d5e68c,2023-07-12,2024-05-20,Motor,0,48698,0,36,292,29,london_ins
440,165fb1afcb87b6748e990b7900047e36,2023-06-03,2023-12-05,Motor,1,12753,1,36,619,24,some_syndicate
998,604c65dd443406cf907fc30f4dac302d,2024-03-07,2024-03-31,Motor,0,27092,0,24,163,80,london_ins
235,7e61ca65fecebe527a6faf2ef0ad306a,2023-02-16,2023-02-27,Motor,0,72326,0,36,990,53,london_ins
869,eb97037195e0f54378c7aab3c5a18acc,2023-04-03,2024-01-18,Motor,0,68133,0,48,703,41,some_mga
779,a3e6681eba3b4249c43ebe1d8daa8d69,2023-06-01,2023-10-11,Motor,1,5374,1,12,199,53,some_syndicate
718,c21b1d170502ac7275b2f78ecc654de2,2023-04-22,2024-01-27,Motor,0,12897,0,12,991,80,some_syndicate
557,86fd5d9247cbc90477b2b96df83df365,2023-06-10,2023-12-17,Motor,0,98225,0,12,916,71,some_syndicate
775,856b083f1f581eef9294e9191bf7e4d9,2024-03-05,2024-07-02,Motor,0,45104,0,36,553,55,london_ins
723,89e15f8cbcb8edcbbd68e649fbcb62df,2023-01-15,2023-06-28,Motor,1,15414,1,48,152,80,london_ins
813,8d4d32441fe4b0a131c5cdcf554f286b,2023-01-28,2023-04-06,Motor,0,1930,0,48,168,55,some_mga
945,b62019d2eab093a4494b51ad3a77bc5a,2023-11-02,2024-05-02,Motor,0,11999,0,36,696,37,some_syndicate
24,765e6a348a93f767b90d58a290b83ea4,2023-02-07,2023-11-23,Motor,1,40666,0,24,96,23,london_ins
307,d643c23d039bae7bba60465e70ae2e62,2023-09-23,2024-05-01,Motor,0,70905,0,12,150,26,some_mga
587,bdda603f2ae5d196c375ae73259104f7,2023-01-24,2023-09-30,Motor,0,23837,0,12,548,23,some_mga
400,4937cbd0f71f8b34b152093d9d895a10,2024-01-23,2024-09-27,Motor,1,70430,0,48,270,37,some_mga
398,8b7d0f2741cf45106c316243ffb2e888,2023-06-06,2023-08-20,Motor,1,8446,1,12,611,66,some_mga
523,49b76bdfd4506ab96d2f608ae21b8881,2024-03-01,2024-08-17,Motor,0,3325,0,12,874,34,some_syndicate
303,6214d907962e3e2347786be86f6a560a,2023-05-03,2024-03-02,Motor,0,40276,0,12,757,40,some_syndicate
894,4bf6c7879d7c8e94f12aadb8ff90a058,2024-02-17,2024-12-17,Motor,0,99494,0,12,339,25,some_mga
137,8e957e6af9a14a8cc04d670202e793d0,2023-10-18,2024-05-07,Motor,0,24512,0,12,344,42,some_syndicate
742,ed78bad40975d17f782ee98fbbb3f244,2023-10-18,2024-05-21,Motor,1,26446,0,36,554,76,some_syndicate
443,9705acaa5a691e795743ac03e53aa402,2024-03-12,2024-03-20,Motor,1,35934,1,24,115,77,some_syndicate
516,c3001f9c68895384813067a648eeb0fb,2024-01-21,2024-07-12,Motor,1,32814,0,12,462,42,some_mga
786,f30f3b0db24a295d67e2262386e00166,2023-11-04,2024-06-28,Motor,0,25772,0,24,100,23,some_mga
439,df08166242413b076aa0ca3b2115c126,2023-08-21,2024-04-20,Motor,0,16520,0,12,225,62,some_mga
913,0594468426bef56309f9ca30fec6ce48,2023-02-23,2024-01-19,Motor,0,78415,0,12,713,21,some_mga
215,302333688d0c7bc3e51cc387cd8aad58,2023-11-29,2024-05-29,Motor,0,52108,0,48,536,79,london_ins
814,646c0b320ebe51a92655db2853e2d894,2023-10-06,2023-11-26,Motor,1,70965,1,36,730,21,london_ins
564,c48c1d6f1a099be33608d1cff0c92753,2023-09-22,2023-10-23,Motor,1,71101,1,12,248,41,some_mga
721,71666309c8467b2b3928dfe55840c83f,2023-02-02,2023-11-09,Motor,1,76391,0,36,832,59,some_syndicate
419,820385f7fe58cf13a7828278c92e2f98,2023-05-09,2023-07-22,Motor,0,20818,0,12,636,41,some_mga
302,43a2603d34e988b8afbe3c84196ca1d4,2023-08-29,2024-08-21,Motor,1,57403,1,48,19,30,some_mga
261,99c6a565ac9ccb18eb2541c707adcfef,2023-10-06,2024-07-10,Motor,1,69216,0,12,433,18,some_mga
843,af1c15fc49ee0259c707374cb17c8524,2023-05-07,2023-12-12,Motor,0,77756,0,12,578,78,london_ins
801,7e22a8449fc9c987667e0919905e0d36,2023-03-08,2024-02-20,Motor,1,80279,1,24,258,69,some_mga
344,feea85b2ff683bd9321a93f272f45f37,2024-01-09,2024-03-28,Motor,0,83395,0,36,659,39,london_ins
177,727592438fdd406693c314a45b007d06,2023-10-29,2024-08-25,Motor,1,76736,1,36,921,48,some_syndicate
830,64893579e4c613152ae6c739dd02c03a,2023-11-13,2024-01-24,Motor,0,46400,0,48,245,49,some_syndicate
390,a18397fb481df4406d4d0d3bc68601b0,2023-05-29,2023-12-15,Motor,0,44439,0,24,810,35,london_ins
674,1eed180778f64f91cc62507d74b88cbb,2023-01-29,2023-07-17,Motor,0,55569,0,48,96,62,some_mga
768,7f30722b74d5fc111dc662ddd24849fb,2024-03-13,2025-03-03,Motor,0,59200,0,24,297,43,some_syndicate
676,58f4c07073597a3d0e189279f8303fb5,2023-05-23,2024-04-27,Motor,1,18678,0,36,561,70,london_ins
987,996cdfe3eca8e879e1dbf5673a71b42f,2023-10-07,2024-06-16,Motor,1,14827,0,36,95,49,some_syndicate
140,03cb133ee83f495b7ca502273d700e28,2024-03-11,2024-06-19,Motor,0,43694,0,36,684,34,some_syndicate
635,c867dbd00adbcb2761c866d4474de75c,2024-02-25,2025-01-28,Motor,1,68349,1,48,524,77,some_mga
989,b7799469d7af6d0a9fd13dda0a97e7f4,2024-01-12,2024-04-14,Motor,1,16018,1,12,888,19,some_syndicate
530,34b737741c11cc2aae419bdb1016db55,2023-04-22,2023-09-06,Motor,1,6652,0,48,382,40,some_syndicate
785,534fbc96aad918b8583d7b6bc36bd7c7,2023-05-29,2024-04-22,Motor,0,73468,0,24,749,75,some_mga
473,0e62e89e326505279e951d607991f2bf,2023-09-09,2023-12-18,Motor,1,81167,0,36,510,26,london_ins
10,8a979ea91a3a11535c0e6bbb18f80f24,2023-11-12,2024-01-30,Motor,0,73807,0,12,427,22,some_mga
921,e4095c3c2c9af78a95859116f3e64670,2023-04-25,2023-05-06,Motor,1,58558,1,36,53,65,some_syndicate
805,957fb521c2e86bcb106e4525bbb4b150,2023-03-08,2023-09-09,Motor,1,79375,0,12,237,37,some_mga
615,4e543e4649f9714ca50d747c6c43f9df,2023-08-18,2024-02-28,Motor,1,66578,0,12,82,40,some_syndicate
991,60b31822042d08aa98f76f40f4adf0ef,2023-06-16,2024-03-20,Motor,0,30646,0,36,531,41,some_syndicate
332,91e95b6f31769e77335848d4e474c516,2023-07-04,2024-05-21,Motor,0,8959,0,24,15,71,some_syndicate
769,5f4e7da1cbd103e072519774e7424ab6,2023-07-10,2024-03-26,Motor,0,80838,0,12,304,36,london_ins
719,cb5b7c766e3553ee171eb959e54de8cc,2023-07-16,2024-06-09,Motor,0,64645,0,48,222,42,some_mga
727,0bfa29d9c1029de881477594c5200f2a,2023-12-12,2024-09-19,Motor,0,40421,0,12,835,48,london_ins
407,95a5800b4e89d1ba516a4bf32893ad14,2024-03-10,2024-09-30,Motor,1,97229,1,48,837,56,london_ins
872,821d36b6a4297e343453a7e84cf58000,2023-09-10,2023-12-21,Motor,0,34741,0,48,58,65,some_syndicate
655,341e62887629f8b0d9ba3eeabf772eec,2023-10-29,2024-08-13,Motor,1,55423,1,36,459,33,some_syndicate
986,60aa572878c7ac6e79b3b0ce80727c3e,2023-03-18,2023-12-09,Motor,0,69761,0,24,538,72,some_mga
47,3e5ca7b6a851892d51dd618fcf517471,2024-02-17,2024-05-01,Motor,1,80072,0,12,937,21,some_mga
18,28412f73e18b7c536aa3dabeb2f3bacc,2023-08-12,2024-08-06,Motor,0,50909,0,48,731,26,some_syndicate
360,622b7fc4e86e882a5e0e9c55ee0ff669,2023-09-29,2023-11-30,Motor,0,24727,0,12,420,74,some_syndicate
698,834dbe70573a08c1e5733d92990f3024,2023-12-16,2024-05-21,Motor,0,78123,0,12,183,61,some_syndicate
104,a31b81ebc49ca563115f112896a7ee91,2023-12-18,2023-12-23,Motor,1,42623,0,48,583,61,some_mga
205,bfc3b590b51044eac1bacbdc83e9b879,2023-09-10,2023-09-11,Motor,1,10813,0,36,238,58,london_ins
661,a4ca169385981d8be5c3122b1c2a9cdf,2023-09-15,2024-08-12,Motor,1,2021,1,48,209,48,london_ins
778,5c31b6e70729915f4d98a92205c09e73,2023-03-23,2024-03-10,Motor,0,10892,0,48,596,21,some_mga
433,c7ae23432316ae2b71dde327c2c6ac9e,2023-07-24,2024-03-20,Motor,0,31294,0,36,132,74,some_syndicate
108,2762ab14d7f87d11322e13a2571ec702,2024-01-09,2024-04-18,Motor,1,60227,0,36,913,42,some_syndicate
684,5fd6a910f90084e4b91afd683ae853f0,2023-12-02,2023-12-13,Motor,1,4276,0,36,795,41,some_mga
336,272004050ca6359d5dbe7ad9a966c8f3,2023-03-08,2023-10-17,Motor,1,26254,1,36,386,79,some_syndicate
301,31f0718861d2c786fd5e856e12e7eeb7,2023-09-06,2023-09-08,Motor,0,48245,0,12,811,45,london_ins
507,885a7d4f3d550cf5de31d9efa0dd2254,2023-11-21,2024-03-02,Motor,1,58845,0,36,333,34,london_ins
656,3a340ea2ac7a4e8dca7aeaffe81e4bd0,2023-07-02,2023-07-11,Motor,0,73758,0,12,820,27,some_mga
647,fb19b7c7bcde710f29de4988e9ed0272,2023-04-11,2023-10-05,Motor,1,83082,1,12,779,57,some_syndicate
860,969208a55f6688814c24ef7a0895c104,2024-01-29,2024-10-20,Motor,0,36150,0,12,691,38,london_ins
882,846d4d658054a6b9cfa77c768fa270e8,2023-06-25,2023-10-31,Motor,1,64803,1,12,313,47,some_syndicate
885,bf663c087aa47eb26722003bf017b519,2024-02-18,2024-07-26,Motor,0,97478,0,48,168,26,some_syndicate
726,e48c34915ce8fadc8557e27f21846618,2023-02-27,2023-11-04,Motor,0,23097,0,12,634,24,some_syndicate
461,f4db89e9a22945cdb7b23611ca3790d8,2023-08-31,2024-03-28,Motor,0,55566,0,24,159,51,some_syndicate
254,1e7e568fb91afa91a7ab219a6ab6f726,2023-08-15,2024-02-25,Motor,0,89471,0,12,707,58,london_ins
774,dc9467a27327d5e6ca1e2ef556f8d736,2023-04-07,2023-06-24,Motor,0,76539,0,48,101,44,some_mga
157,8be6b51ed4c84d4d4c8021a2f0b16769,2023-10-27,2024-05-07,Motor,1,14852,1,24,845,43,some_mga
534,f6e3954cc1e3299a7a65b0134345dd76,2023-07-12,2024-02-24,Motor,0,18797,0,48,907,69,london_ins
962,b82e56c13b40de722fb1fd63d2419697,2023-09-19,2023-11-08,Motor,0,98791,0,12,473,58,some_mga
11,5e2b67d5248b21c5cc287136f420d2e4,2024-02-29,2024-05-05,Motor,1,55818,1,24,692,56,london_ins
280,5709bfbaa53cde53e4b27833e2a14c21,2023-07-16,2023-10-13,Motor,1,27795,1,36,795,30,london_ins
570,e25cffaa5c1ed9786e453e0a32d250a1,2024-01-02,2024-01-03,Motor,0,93093,0,12,864,64,some_mga
377,d14e4442ed0fe45f572dfb59babb544e,2023-10-05,2024-05-08,Motor,1,16932,0,12,95,25,london_ins
563,bac2f78adb623d1448c00d28021ee802,2023-11-24,2024-06-22,Motor,0,41265,0,48,991,68,some_syndicate
586,a743fa7a498e004c569f9a3a2e29fb97,2024-01-14,2024-06-14,Motor,0,39408,0,24,185,59,some_syndicate
739,9f862420b95357c17172f89f9f671fcd,2024-01-26,2024-05-01,Motor,0,38722,0,24,699,40,london_ins
203,377e8d78a2f180212f49997ea783611e,2023-06-18,2023-10-29,Motor,1,15049,1,12,195,33,some_syndicate
298,57dedc80e2316be800d31cbb09f83e60,2023-08-10,2024-07-31,Motor,0,69310,0,24,502,64,some_syndicate
914,ba9a16ff9cbaee3a75a5dd9ed8e7134f,2023-04-08,2023-10-14,Motor,0,28150,0,48,859,62,some_mga
828,0e8eb13cedfce51e3707688e441ac558,2023-09-13,2023-12-03,Motor,1,45978,0,48,930,52,london_ins
200,3c9677e07343927c6d40ad4455f52dee,2023-10-28,2024-07-11,Motor,1,93919,1,48,128,49,london_ins
459,9c2b18b0cdadb4c11fd23a27282abd03,2024-03-05,2024-07-15,Motor,1,26642,0,36,214,37,some_mga
145,2da8d2d1adf92be2f30a68f49573dfa0,2023-09-14,2023-12-14,Motor,1,23748,1,36,341,44,london_ins
771,a8ba730ad3fc42026529b33dfbc7b4b4,2024-01-17,2024-05-08,Motor,1,89248,1,36,875,26,london_ins
603,6962887769f0e9de30bb5fbe948dc613,2023-01-08,2023-10-07,Motor,0,46451,0,24,437,30,london_ins
527,0b0a6439956ba56585916d0982cfe2f9,2023-03-04,2023-04-15,Motor,0,71693,0,24,184,70,london_ins
955,b695f21063c27bdf629072652f1a02cd,2024-02-18,2024-02-28,Motor,1,69013,0,36,669,50,some_syndicate
697,a0364ce1f2648afe0a3c3a1228152301,2023-06-01,2024-04-18,Motor,1,6870,1,48,461,29,some_syndicate
428,ebbda55b6fd6c0500c41ca79ce70d55a,2023-01-03,2023-12-02,Motor,1,82415,1,48,875,42,london_ins
181,2f54bb1a5fcd67eebc18f8871f4fa0a1,2023-09-05,2023-12-16,Motor,0,97321,0,48,548,73,some_mga
479,709ce8ecd5425eaa068362e279a9251d,2023-07-10,2023-09-27,Motor,1,28846,0,24,953,27,some_syndicate
842,26a7d53fce67ba4edd88f713c37b6938,2023-08-13,2024-07-29,Motor,0,38750,0,12,850,32,some_mga
666,d8b35d9cb98995c57a292c003375c804,2023-02-12,2023-02-14,Motor,1,59643,0,36,649,26,some_syndicate
662,43f9b77a979f52eaa7ff2a129890efbd,2023-01-02,2023-11-15,Motor,0,66964,0,12,225,43,some_syndicate
218,b8b2a83ca5687e66330d28a43449bb0a,2023-01-09,2023-04-27,Motor,0,32756,0,12,747,80,london_ins
866,1c280fbe775bd48739177988dc7a5339,2024-01-25,2024-05-30,Motor,0,11121,0,12,75,41,some_syndicate
552,9604ee998bb22117af41ca10a7afc883,2023-03-15,2023-07-18,Motor,1,33513,1,48,460,30,some_syndicate
652,36c8e1c26cb496b58982620b3bc565c9,2023-11-05,2023-12-26,Motor,1,2778,0,48,73,72,london_ins
339,3a93a0228c5e655bf1af50a9e33543b9,2024-01-24,2024-02-24,Motor,0,85852,0,48,445,67,some_syndicate
502,5845d16ec2f19017e802535b49527724,2023-09-21,2024-04-10,Motor,0,77713,0,48,270,42,some_mga
162,596bce552383c090cb9352dfcf07a16f,2023-07-05,2023-08-16,Motor,0,99341,0,36,40,43,some_syndicate
421,2b60d67e1c223111ba1c5d727bfb4cde,2023-06-01,2024-01-24,Motor,1,1348,0,12,79,54,some_syndicate
138,590ec77bfeaf944a5628dbc2699f2831,2024-01-31,2025-01-17,Motor,1,5954,0,48,424,49,some_syndicate
36,b69294431d10cc06e2f2cc94cf2f3e2a,2023-08-29,2024-04-11,Motor,1,59007,0,48,159,79,london_ins
812,69b3bfa45634cd5d93f1957f6e7de622,2023-07-25,2023-10-09,Motor,1,5756,0,36,616,32,london_ins
788,2f3958ca0e344115789e67ff02f18a7c,2024-01-22,2024-09-21,Motor,1,90176,1,48,233,78,some_syndicate
214,04e37e13097eb8057fa6e33b6203e551,2023-10-28,2024-08-12,Motor,0,40744,0,36,718,38,some_syndicate
293,42ffbeb2fc5bd59e9c1a333fecc4e31f,2023-07-01,2024-06-10,Motor,0,32959,0,24,968,38,some_syndicate
361,3aa986e3baabfa226c99ae4a29f7e210,2023-04-08,2023-12-14,Motor,0,18936,0,48,615,37,some_mga
665,af9479fcc12ed79aa4442292eda577a5,2023-06-18,2023-12-31,Motor,0,73875,0,24,109,33,some_syndicate
787,01a4f2404dba74dc5e9601c70ecf0e3b,2023-07-30,2023-08-23,Motor,0,27465,0,48,914,44,london_ins
599,482c3255475819be9b40583a07dde10e,2024-03-11,2024-09-13,Motor,0,6612,0,36,756,55,some_syndicate
961,d06647d9375a452323f8788eca739b50,2023-01-09,2023-09-08,Motor,0,89597,0,24,898,62,london_ins
50,26b6f8372398a3b16f31636d581364dd,2023-06-09,2023-08-08,Motor,0,39799,0,12,92,64,some_mga
793,ae6e053e519e3adbb346313747f058bf,2023-12-06,2024-11-03,Motor,0,77279,0,12,347,41,some_syndicate
9,8f931144d0ae4001e4ec82acb075c1a4,2023-12-10,2024-03-15,Motor,0,93608,0,12,567,72,some_syndicate
905,33d58167b226363a67a26557af9edb36,2023-10-26,2024-03-25,Motor,1,42609,0,24,431,37,london_ins
834,7b26825bf98f6e285545dc6cdea58646,2023-11-20,2023-11-25,Motor,1,62996,0,24,567,35,some_syndicate
724,2f1fa19ded848ae462e924653df65c26,2023-08-06,2024-05-25,Motor,0,14148,0,48,461,51,some_syndicate
23,7048b59f7985b9fc0f0ea657a3813f04,2023-06-08,2023-12-29,Motor,1,90612,1,48,478,70,some_mga
402,e15cc1db7f674ad1db1bcaf9481a2ba7,2023-06-25,2023-12-30,Motor,0,80509,0,48,17,79,some_syndicate
297,55f3516054af5dce577528bd65d09f17,2023-04-19,2024-03-01,Motor,0,93193,0,36,893,24,some_syndicate
967,d735558c998508de58720db7f5aa348e,2023-08-03,2023-08-26,Motor,1,37599,1,36,128,24,some_syndicate
413,e209ed9499afa6ac56b284e1ce17019a,2023-09-02,2024-08-20,Motor,0,9798,0,48,560,42,some_syndicate
383,25fb3ff47b6c9c56ce0dc87e74212b7a,2023-07-25,2024-07-19,Motor,0,97178,0,36,239,28,some_mga
781,e65c08f9fb91419f691a3d32eac71cf9,2023-08-23,2024-02-03,Motor,0,78134,0,36,132,72,some_syndicate
717,2e47018d18d3fb7bed538d66e2303a40,2024-03-13,2024-07-05,Motor,1,59479,0,24,725,27,london_ins
902,cd83b1db3548a12063ae3bbf860e2d67,2024-02-05,2024-08-25,Motor,1,25781,1,36,589,75,some_mga
912,a930301002b355daad0400f32c5a50b6,2023-10-30,2024-01-22,Motor,0,46428,0,24,57,58,some_syndicate
809,d6ab66e48fcff564f2b500e6a41d3d7c,2024-01-16,2024-06-06,Motor,0,25467,0,12,837,41,some_syndicate
764,f6a42e1d395911bcc952c9f04c30de5c,2023-07-13,2023-10-13,Motor,0,39435,0,36,951,70,london_ins
736,b4363da9fa26526a8a22d2dbb1e3287d,2024-03-12,2024-12-29,Motor,1,4590,0,36,875,41,london_ins
829,59cdac2329e0c3cc5f662c4769566120,2023-11-22,2023-12-18,Motor,1,1841,1,36,973,53,london_ins
227,8733c29b048b6efe915fdee090e66a15,2023-09-02,2024-06-13,Motor,0,15704,0,24,735,26,some_syndicate
546,9eb7c2ace3dd7802c0a59fdc3687881a,2024-01-15,2024-04-26,Motor,1,63658,1,12,585,58,some_mga
38,96124e0079f54a25463624c67952c90c,2023-05-29,2024-05-18,Motor,1,26934,1,24,988,64,some_mga
585,9780e1254f64616eb6a92a27c99a1e61,2023-04-14,2023-09-05,Motor,0,58227,0,24,221,44,some_syndicate
483,f3bc02845cdd37b634ccf0f95e539ffc,2023-06-02,2023-09-26,Motor,1,96708,0,24,939,39,some_mga
941,691779f2f2da299c7eedf27c76abc94f,2023-03-14,2023-06-14,Motor,0,28409,0,48,33,41,some_syndicate
340,b5dab3b9c08327d63ade190dd8b121ae,2023-08-11,2023-08-17,Motor,0,8454,0,48,659,40,some_mga
6,c5f6125274f19f809ebe85d825653936,2023-07-31,2024-05-18,Motor,1,121,0,24,918,50,london_ins
822,5229940029d65b08f0bedd67f6222182,2024-03-01,2024-04-04,Motor,1,3808,0,12,447,30,london_ins
414,b5cc7335648735c27db6fef0e24fe8a7,2023-07-25,2023-12-04,Motor,1,66252,0,48,718,36,some_mga
972,8c205e61eeb7107286773bc6f1e59f9f,2023-05-23,2023-10-28,Motor,1,78626,0,36,758,74,london_ins
836,c43398d7780f2746c2632f18b2f05e96,2023-07-07,2023-12-20,Motor,1,58510,1,24,249,24,some_mga
840,b4900927065e6e67210bd03c07bf8d51,2023-04-26,2023-11-28,Motor,1,4531,1,48,286,26,some_syndicate
608,5d925fc77adae81882af8cc9975f1f08,2023-03-23,2024-02-27,Motor,0,41122,0,24,603,36,some_mga
732,bc18118434496b64bbdfa55252696c5f,2023-05-26,2024-04-19,Motor,1,73603,0,24,179,76,some_syndicate
102,a9ea7172203eddc6f7376cfffda5540d,2023-10-13,2023-12-28,Motor,0,13234,0,48,801,48,some_mga
168,82fc59674c07afb0c559d9a01350aa91,2023-11-26,2024-06-21,Motor,0,97127,0,36,260,51,london_ins
353,0803e5338d5f18ad60b1d6abcf29971c,2023-05-27,2024-03-02,Motor,0,52462,0,48,725,36,some_syndicate
934,6f89a3f8e3a41c64850b4587ea5fded4,2023-09-02,2024-03-20,Motor,0,79947,0,48,306,38,london_ins
667,6ac3a042e48758d7df433fe8134f8ac2,2023-10-12,2024-10-04,Motor,1,18853,0,48,684,54,london_ins
294,289eec30686b43fd817472faa063f731,2024-02-23,2024-10-10,Motor,1,2047,0,12,586,64,some_syndicate
374,54c2f54325970de955e91ec89ddb192e,2023-09-07,2023-12-12,Motor,0,67210,0,36,409,32,some_mga
997,4f86ede8396eef9ae538815da081f709,2023-12-10,2024-03-08,Motor,1,41524,1,48,797,58,some_syndicate
44,112fe61f6322b19e38b28a5160a26417,2023-04-14,2023-07-01,Motor,1,85553,0,12,154,70,some_mga
348,d3d799894251b884c7f7292d2633c5d5,2023-07-16,2024-05-08,Motor,1,83415,0,36,317,39,some_mga
544,50b342e4384b9b3a3dd9230c4b11fe0e,2023-11-17,2024-02-20,Motor,0,74232,0,36,610,44,some_mga
228,2569e5928ad0028e5587ae8c2f2a2e6b,2023-06-02,2024-05-07,Motor,0,84228,0,12,794,77,some_mga
757,b6f98d37c7542349040aa3455e0b7296,2023-04-10,2023-10-26,Motor,1,86182,1,12,762,26,some_mga
873,b3b5b05867097e6f742d1c494b699ef7,2024-03-13,2024-09-06,Motor,1,30423,1,36,983,47,some_syndicate
306,173867cb3839f18b9778b999ae32cae9,2023-12-04,2024-11-07,Motor,0,36861,0,24,319,32,london_ins
264,f65fa569276e37b9970eba7a9a0ca1a9,2023-06-05,2024-05-12,Motor,1,1112,1,48,290,79,london_ins
687,db8601bd47efd3fc74c3362fa69311cd,2023-03-26,2023-06-22,Motor,0,85141,0,24,930,71,some_mga
792,5c843d1d7eb2596e9edbb30a2f7e8e07,2023-03-12,2023-04-16,Motor,1,40715,0,24,447,56,london_ins
355,71637f552cab3075dce189a9da50894a,2023-04-08,2023-05-16,Motor,1,65977,0,12,666,18,london_ins
371,65e957d4a5b960472489f15c7589abb0,2023-10-07,2024-07-25,Motor,0,65173,0,48,299,70,some_mga
770,a3fe049475aedf4cfacefc3748ca68b8,2023-02-08,2023-07-21,Motor,1,79873,0,48,139,43,some_mga
286,53d65e4dcadb9fe4c8ab0d45ae3a3ce0,2023-04-05,2023-11-27,Motor,0,12342,0,12,381,46,some_mga
